{"cameraMode":{"drawMode":0,"name":"Shaded","section":"Shading Mode"},"sceneLighting":true,"audioPlay":false,"sceneViewState":{"showFog":true,"showMaterialUpdate":false,"showSkybox":true,"showFlares":true,"showImageEffects":true,"showParticleSystems":true},"in2DMode":false,"pivot":{"x":-44.38015365600586,"y":6.5,"z":3.0999999046325685},"rotation":{"x":0.7049025893211365,"y":0.012119065970182419,"z":-0.012085030786693097,"w":0.7091291546821594},"size":57.150943756103519,"orthographic":true}