{"cameraMode":{"drawMode":0,"name":"Shaded","section":"Shading Mode"},"sceneLighting":false,"audioPlay":false,"sceneViewState":{"showFog":true,"showMaterialUpdate":false,"showSkybox":true,"showFlares":true,"showImageEffects":true,"showParticleSystems":true},"in2DMode":false,"pivot":{"x":29.731813430786134,"y":7.905677795410156,"z":-20.83226203918457},"rotation":{"x":-0.37597447633743288,"y":-0.3195980489253998,"z":0.13997673988342286,"w":-0.85843825340271},"size":154.88760375976563,"orthographic":false}