{"cameraMode":{"drawMode":0,"name":"Shaded","section":"Shading Mode"},"sceneLighting":false,"audioPlay":false,"sceneViewState":{"showFog":true,"showMaterialUpdate":false,"showSkybox":true,"showFlares":true,"showImageEffects":true,"showParticleSystems":true},"in2DMode":false,"pivot":{"x":9.726720809936524,"y":13.967142105102539,"z":-26.593597412109376},"rotation":{"x":-0.3597719371318817,"y":0.07601138949394226,"z":-0.029421601444482805,"w":-0.9294776320457459},"size":43.510406494140628,"orthographic":false}